{"image-20.jpeg": {"result": [[[[121.0, 293.0], [1210.0, 302.0], [1209.0, 405.0], [120.0, 396.0]], ["Idont really have the rughe", 0.9500095248222351]], [[[111.0, 418.0], [1191.0, 393.0], [1193.0, 481.0], [113.0, 506.0]], ["Pen for thrs style Aut stall", 0.8722175359725952]], [[[680.0, 486.0], [1162.0, 509.0], [1157.0, 614.0], [675.0, 591.0]], ["Wery slowly", 0.8689790964126587]], [[[127.0, 698.0], [1290.0, 689.0], [1290.0, 770.0], [128.0, 779.0]], ["My erxrday hand io simlas ond", 0.839504063129425]], [[[94.0, 877.0], [1038.0, 873.0], [1038.0, 962.0], [94.0, 967.0]], ["suriation.The Aaster J trn", 0.750998854637146]], [[[108.0, 973.0], [877.0, 980.0], [877.0, 1055.0], [107.0, 1048.0]], ["tha rorse at becomes", 0.8237786293029785]], [[[52.0, 1139.0], [1239.0, 1155.0], [1238.0, 1267.0], [51.0, 1251.0]], ["Italic ss still my favowite to", 0.8941938281059265]], [[[46.0, 1263.0], [720.0, 1248.0], [722.0, 1338.0], [48.0, 1352.0]], ["get nice writing", 0.8891263008117676]], [[[736.0, 1262.0], [1214.0, 1255.0], [1215.0, 1325.0], [737.0, 1333.0]], ["that stamds", 0.7664182186126709]], [[[51.0, 1350.0], [1288.0, 1347.0], [1288.0, 1428.0], [51.0, 1431.0]], ["out wlhout spending too much", 0.8120753169059753]], [[[61.0, 1426.0], [1179.0, 1440.0], [1178.0, 1527.0], [60.0, 1513.0]], ["time on it because the pen", 0.8724703192710876]], [[[67.0, 1529.0], [1219.0, 1534.0], [1218.0, 1623.0], [67.0, 1619.0]], ["dos a lot of thie woh fov me", 0.8659065961837769]], [[[319.0, 1698.0], [674.0, 1698.0], [674.0, 1805.0], [319.0, 1805.0]], ["Dich d", 0.7674381136894226]], "Idont really have the rughe Pen for thrs style Aut stall Wery slowly My erxrday hand io simlas ond suriation.The Aaster J trn tha rorse at becomes Italic ss still my favowite to get nice writing that stamds out wlhout spending too much time on it because the pen dos a lot of thie woh fov me Dich d ", "dont really have the right Men for this style But stall Very slowly By erxrday hand to silas and duration.The master i try the worse at becomes italian is still my favorite to get nice writing that stands out without spending too much time on it because the pen do a lot of the who for me Rich i i "], "result_img": "./static/result_images/image-20_result.jpeg"}, "ecriture_reguliere.png": {"result": [[[[63.0, 11.0], [718.0, 16.0], [718.0, 49.0], [62.0, 44.0]], ["Moes differenles -ecperiences montpomis deme familiariser", 0.9035292267799377]], [[[25.0, 113.0], [720.0, 113.0], [720.0, 143.0], [25.0, 143.0]], ["necessoies au tavail en eofuipe, tout en ameliorant mon ecoute", 0.8763805627822876]], [[[27.0, 142.0], [635.0, 145.0], [635.0, 174.0], [27.0, 171.0]], ["actinve et ma Jiencillance au contact dunpullic waie.", 0.9127095937728882]], [[[28.0, 172.0], [740.0, 177.0], [740.0, 206.0], [28.0, 201.0]], ["Fonte de 5 annkes dans le secteu dusoin osthetique et du lion-etie,", 0.9151932597160339]], [[[25.0, 207.0], [725.0, 204.0], [725.0, 238.0], [25.0, 241.0]], ["jai acquis la nesistance et lanigneu demandees fesuis accoutume", 0.9185771346092224]], [[[25.0, 237.0], [727.0, 240.0], [727.0, 275.0], [25.0, 272.0]], ["aus grondes joun\u00e9es et au travail les weel-ends,les jous feries et de", 0.9077405333518982]], [[[21.0, 276.0], [83.0, 271.0], [85.0, 294.0], [23.0, 299.0]], ["nit.", 0.8214511275291443]], "Moes differenles -ecperiences montpomis deme familiariser necessoies au tavail en eofuipe, tout en ameliorant mon ecoute actinve et ma Jiencillance au contact dunpullic waie. Fonte de 5 annkes dans le secteu dusoin osthetique et du lion-etie, jai acquis la nesistance et lanigneu demandees fesuis accoutume aus grondes joun\u00e9es et au travail les weel-ends,les jous feries et de nit. ", "mes differentes -ecperiences montpomis dame familiariser necessoies au travail en eofuipe, tout en am\u00e9liorant mon ecoute active et ma Jiencillance au contact dunpullic paie Fonte de 5 ann\u00e9es dans le secteur besoin esth\u00e9tique et du lion-etie, jai acquis la r\u00e9sistance et lanigneu demandes fesais accoutum\u00e9 au grandes journ\u00e9es et au travail les weel-ends,les vous feriez et de dit a "], "result_img": "./static/result_images/ecriture_reguliere_result.png"}, "Capture._Alex_finJPG.JPG": {"result": [[[[25.0, 11.0], [440.0, 19.0], [440.0, 53.0], [24.0, 45.0]], ["lmlaontumenoe", 0.5704969763755798]], [[[443.0, 17.0], [726.0, 11.0], [727.0, 40.0], [444.0, 46.0]], ["oaaouesnite dl", 0.6429376006126404]], [[[101.0, 124.0], [208.0, 119.0], [209.0, 140.0], [102.0, 145.0]], ["theromt", 0.6443175077438354]], [[[25.0, 310.0], [254.0, 309.0], [254.0, 330.0], [25.0, 331.0]], ["Jalbranimdemau", 0.6060914397239685]], [[[291.0, 310.0], [371.0, 312.0], [371.0, 329.0], [291.0, 327.0]], ["dae", 0.5931233167648315]], [[[371.0, 303.0], [666.0, 294.0], [667.0, 325.0], [372.0, 333.0]], ["coo dehoemesa", 0.6029266119003296]], [[[129.0, 341.0], [325.0, 350.0], [324.0, 387.0], [127.0, 378.0]], ["linecomme", 0.750478982925415]], [[[356.0, 343.0], [678.0, 330.0], [679.0, 367.0], [358.0, 379.0]], ["sonnetod!", 0.5254072546958923]], [[[87.0, 503.0], [216.0, 503.0], [216.0, 519.0], [87.0, 519.0]], ["tamaaaa", 0.5922592282295227]], "lmlaontumenoe oaaouesnite dl theromt Jalbranimdemau dae coo dehoemesa linecomme sonnetod! tamaaaa ", "lmlaontumenoe oaaouesnite do throat Jalbranimdemau day too dehoemesa linecomme sonnetod! camera i "], "result_img": "./static/result_images/Capture._Alex_finJPG_result.JPG"}}